,Datum,Wochentag,Tagestemperatur,Nachttemperatur
0,2019-05-02,Thursday,21,10
1,2019-05-03,Friday,23,14
2,2019-05-04,Saturday,25,12
3,2019-05-05,Sunday,20,14
4,2019-05-06,Monday,24,13
5,2019-05-07,Tuesday,28,17
6,2019-05-08,Wednesday,23,14
7,2019-05-09,Thursday,24,17
8,2019-05-10,Friday,23,18
9,2019-05-11,Saturday,24,17
10,2019-05-12,Sunday,22,14
11,2019-05-13,Monday,23,14
12,2019-05-14,Tuesday,25,16
13,2019-05-15,Wednesday,24,16
14,2019-05-16,Thursday,24,9
15,2019-05-17,Friday,22,14
16,2019-05-18,Saturday,25,15
17,2019-05-19,Sunday,24,16
18,2019-05-20,Monday,27,13
19,2019-05-21,Tuesday,23,15
20,2019-05-22,Wednesday,26,15
21,2019-05-23,Thursday,19,10
22,2019-05-24,Friday,23,18
23,2019-05-25,Saturday,26,14
24,2019-05-26,Sunday,22,18
25,2019-05-27,Monday,23,11
26,2019-05-28,Tuesday,24,15
27,2019-05-29,Wednesday,26,13
28,2019-05-30,Thursday,26,11
29,2019-05-31,Friday,24,11
30,2019-06-01,Saturday,27,16
31,2019-06-02,Sunday,28,19
32,2019-06-03,Monday,38,20
33,2019-06-04,Tuesday,28,20
34,2019-06-05,Wednesday,28,16
35,2019-06-06,Thursday,29,21
36,2019-06-07,Friday,34,20
37,2019-06-08,Saturday,33,24
38,2019-06-09,Sunday,32,22
39,2019-06-10,Monday,32,21
40,2019-06-11,Tuesday,28,18
41,2019-06-12,Wednesday,37,19
42,2019-06-13,Thursday,31,25
43,2019-06-14,Friday,23,19
44,2019-06-15,Saturday,34,18
45,2019-06-16,Sunday,30,19
46,2019-06-17,Monday,31,21
47,2019-06-18,Tuesday,30,17
48,2019-06-19,Wednesday,31,19
49,2019-06-20,Thursday,35,26
50,2019-06-21,Friday,30,23
51,2019-06-22,Saturday,26,21
52,2019-06-23,Sunday,36,21
53,2019-06-24,Monday,27,27
54,2019-06-25,Tuesday,34,17
55,2019-06-26,Wednesday,30,19
56,2019-06-27,Thursday,28,22
57,2019-06-28,Friday,31,24
58,2019-06-29,Saturday,36,22
59,2019-06-30,Sunday,30,19
60,2019-07-01,Monday,27,21
61,2019-07-02,Tuesday,30,18
62,2019-07-03,Wednesday,30,22
63,2019-07-04,Thursday,26,18
64,2019-07-05,Friday,33,21
65,2019-07-06,Saturday,27,22
66,2019-07-07,Sunday,32,17
67,2019-07-08,Monday,32,16
68,2019-07-09,Tuesday,27,24
69,2019-07-10,Wednesday,33,20
70,2019-07-11,Thursday,32,22
71,2019-07-12,Friday,31,27
72,2019-07-13,Saturday,30,24
73,2019-07-14,Sunday,28,18
74,2019-07-15,Monday,31,33
75,2019-07-16,Tuesday,32,25
76,2019-07-17,Wednesday,29,21
77,2019-07-18,Thursday,26,18
78,2019-07-19,Friday,32,21
79,2019-07-20,Saturday,32,21
80,2019-07-21,Sunday,34,16
81,2019-07-22,Monday,31,22
82,2019-07-23,Tuesday,29,25
83,2019-07-24,Wednesday,28,22
84,2019-07-25,Thursday,28,23
85,2019-07-26,Friday,32,21
86,2019-07-27,Saturday,25,20
87,2019-07-28,Sunday,27,17
88,2019-07-29,Monday,32,22
89,2019-07-30,Tuesday,27,26
90,2019-07-31,Wednesday,25,24
91,2019-08-01,Thursday,34,22
92,2019-08-02,Friday,30,18
93,2019-08-03,Saturday,29,27
94,2019-08-04,Sunday,29,21
95,2019-08-05,Monday,31,24
96,2019-08-06,Tuesday,26,19
97,2019-08-07,Wednesday,30,23
98,2019-08-08,Thursday,30,26
99,2019-08-09,Friday,26,15
100,2019-08-10,Saturday,30,28
101,2019-08-11,Sunday,28,15
102,2019-08-12,Monday,31,20
103,2019-08-13,Tuesday,34,23
104,2019-08-14,Wednesday,26,21
105,2019-08-15,Thursday,26,21
106,2019-08-16,Friday,32,18
107,2019-08-17,Saturday,30,26
108,2019-08-18,Sunday,30,19
109,2019-08-19,Monday,33,23
110,2019-08-20,Tuesday,24,22
111,2019-08-21,Wednesday,31,20
112,2019-08-22,Thursday,31,19
113,2019-08-23,Friday,29,18
114,2019-08-24,Saturday,34,22
115,2019-08-25,Sunday,31,25
116,2019-08-26,Monday,27,24
117,2019-08-27,Tuesday,37,22
118,2019-08-28,Wednesday,31,21
119,2019-08-29,Thursday,31,19
120,2019-08-30,Friday,35,20
121,2019-08-31,Saturday,29,20
122,2019-09-01,Sunday,32,22
123,2019-09-02,Monday,31,18
124,2019-09-03,Tuesday,31,21
125,2019-09-04,Wednesday,25,17
126,2019-09-05,Thursday,29,22
127,2019-09-06,Friday,29,15
128,2019-09-07,Saturday,25,21
129,2019-09-08,Sunday,27,18
130,2019-09-09,Monday,28,19
131,2019-09-10,Tuesday,27,19
132,2019-09-11,Wednesday,29,16
133,2019-09-12,Thursday,24,20
134,2019-09-13,Friday,26,20
135,2019-09-14,Saturday,27,18
136,2019-09-15,Sunday,29,21
137,2019-09-16,Monday,30,18
138,2019-09-17,Tuesday,24,26
139,2019-09-18,Wednesday,26,19
140,2019-09-19,Thursday,28,18
141,2019-09-20,Friday,28,11
142,2019-09-21,Saturday,26,17
143,2019-09-22,Sunday,25,17
144,2019-09-23,Monday,27,19
145,2019-09-24,Tuesday,28,19
146,2019-09-25,Wednesday,23,18
147,2019-09-26,Thursday,31,13
148,2019-09-27,Friday,31,11
149,2019-09-28,Saturday,30,23
150,2019-09-29,Sunday,25,23
151,2019-09-30,Monday,27,20
152,2019-10-01,Tuesday,29,12
153,2019-10-02,Wednesday,30,20
154,2019-10-03,Thursday,27,20
155,2019-10-04,Friday,21,16
156,2019-10-05,Saturday,26,21
157,2019-10-06,Sunday,23,18
158,2019-10-07,Monday,24,20
159,2019-10-08,Tuesday,27,16
160,2019-10-09,Wednesday,23,18
161,2019-10-10,Thursday,34,15
162,2019-10-11,Friday,26,17
163,2019-10-12,Saturday,26,17
164,2019-10-13,Sunday,29,19
165,2019-10-14,Monday,27,25
166,2019-10-15,Tuesday,31,16
167,2019-10-16,Wednesday,25,15
168,2019-10-17,Thursday,29,19
169,2019-10-18,Friday,27,13
170,2019-10-19,Saturday,25,24
171,2019-10-20,Sunday,29,21
172,2019-10-21,Monday,28,18
173,2019-10-22,Tuesday,26,21
174,2019-10-23,Wednesday,27,21
175,2019-10-24,Thursday,31,23
176,2019-10-25,Friday,31,18
177,2019-10-26,Saturday,25,23
178,2019-10-27,Sunday,32,23
179,2019-10-28,Monday,29,18
180,2019-10-29,Tuesday,29,19
181,2019-10-30,Wednesday,26,17
182,2019-10-31,Thursday,24,14
183,2019-11-01,Friday,25,19
184,2019-11-02,Saturday,30,24
185,2019-11-03,Sunday,28,18
186,2019-11-04,Monday,28,19
187,2019-11-05,Tuesday,27,17
188,2019-11-06,Wednesday,24,14
189,2019-11-07,Thursday,28,22
190,2019-11-08,Friday,32,19
191,2019-11-09,Saturday,27,19
192,2019-11-10,Sunday,31,20
193,2019-11-11,Monday,23,20
194,2019-11-12,Tuesday,29,22
195,2019-11-13,Wednesday,31,14
196,2019-11-14,Thursday,27,15
197,2019-11-15,Friday,26,17
198,2019-11-16,Saturday,28,21
199,2019-11-17,Sunday,27,18
200,2019-11-18,Monday,26,20
201,2019-11-19,Tuesday,33,21
202,2019-11-20,Wednesday,22,13
203,2019-11-21,Thursday,26,18
204,2019-11-22,Friday,26,17
205,2019-11-23,Saturday,32,15
206,2019-11-24,Sunday,23,17
207,2019-11-25,Monday,28,16
208,2019-11-26,Tuesday,31,18
209,2019-11-27,Wednesday,31,17
210,2019-11-28,Thursday,25,21
211,2019-11-29,Friday,26,20
212,2019-11-30,Saturday,26,22
213,2019-12-01,Sunday,22,14
214,2019-12-02,Monday,22,13
215,2019-12-03,Tuesday,19,10
216,2019-12-04,Wednesday,23,8
217,2019-12-05,Thursday,17,10
218,2019-12-06,Friday,16,11
219,2019-12-07,Saturday,20,7
220,2019-12-08,Sunday,19,11
221,2019-12-09,Monday,23,15
222,2019-12-10,Tuesday,20,6
223,2019-12-11,Wednesday,20,6
224,2019-12-12,Thursday,14,12
225,2019-12-13,Friday,22,12
226,2019-12-14,Saturday,20,15
227,2019-12-15,Sunday,20,11
228,2019-12-16,Monday,21,13
229,2019-12-17,Tuesday,24,13
230,2019-12-18,Wednesday,15,14
231,2019-12-19,Thursday,19,14
232,2019-12-20,Friday,23,10
233,2019-12-21,Saturday,24,11
234,2019-12-22,Sunday,18,11
235,2019-12-23,Monday,24,12
236,2019-12-24,Tuesday,21,13
237,2019-12-25,Wednesday,16,15
238,2019-12-26,Thursday,22,10
239,2019-12-27,Friday,23,14
240,2019-12-28,Saturday,17,14
241,2019-12-29,Sunday,20,10
242,2019-12-30,Monday,20,14
243,2019-12-31,Tuesday,19,12
244,2020-01-01,Wednesday,22,10
245,2020-01-02,Thursday,23,12
246,2020-01-03,Friday,20,11
247,2020-01-04,Saturday,23,11
248,2020-01-05,Sunday,21,13
249,2020-01-06,Monday,22,13
250,2020-01-07,Tuesday,21,11
251,2020-01-08,Wednesday,24,10
252,2020-01-09,Thursday,18,13
253,2020-01-10,Friday,26,15
254,2020-01-11,Saturday,14,8
255,2020-01-12,Sunday,18,14
256,2020-01-13,Monday,17,13
257,2020-01-14,Tuesday,27,15
258,2020-01-15,Wednesday,23,11
259,2020-01-16,Thursday,23,8
260,2020-01-17,Friday,22,17
261,2020-01-18,Saturday,21,10
262,2020-01-19,Sunday,22,7
263,2020-01-20,Monday,23,11
264,2020-01-21,Tuesday,19,9
265,2020-01-22,Wednesday,16,7
266,2020-01-23,Thursday,21,10
267,2020-01-24,Friday,19,11
268,2020-01-25,Saturday,19,13
269,2020-01-26,Sunday,25,14
270,2020-01-27,Monday,17,15
271,2020-01-28,Tuesday,23,15
272,2020-01-29,Wednesday,16,13
273,2020-01-30,Thursday,25,8
274,2020-01-31,Friday,22,13
275,2020-02-01,Saturday,18,11
276,2020-02-02,Sunday,16,11
277,2020-02-03,Monday,21,15
278,2020-02-04,Tuesday,22,14
279,2020-02-05,Wednesday,20,10
280,2020-02-06,Thursday,17,11
281,2020-02-07,Friday,19,9
282,2020-02-08,Saturday,29,14
283,2020-02-09,Sunday,19,11
284,2020-02-10,Monday,20,16
285,2020-02-11,Tuesday,23,13
286,2020-02-12,Wednesday,22,13
287,2020-02-13,Thursday,18,13
288,2020-02-14,Friday,24,13
289,2020-02-15,Saturday,27,9
290,2020-02-16,Sunday,21,13
291,2020-02-17,Monday,15,16
292,2020-02-18,Tuesday,18,14
293,2020-02-19,Wednesday,21,10
294,2020-02-20,Thursday,25,11
295,2020-02-21,Friday,16,9
296,2020-02-22,Saturday,15,9
297,2020-02-23,Sunday,24,9
298,2020-02-24,Monday,22,4
299,2020-02-25,Tuesday,22,8
300,2020-02-26,Wednesday,19,9
301,2020-02-27,Thursday,21,15
302,2020-02-28,Friday,20,16
303,2020-02-29,Saturday,22,13
304,2020-03-01,Sunday,25,16
305,2020-03-02,Monday,23,20
306,2020-03-03,Tuesday,29,10
307,2020-03-04,Wednesday,28,12
308,2020-03-05,Thursday,27,11
309,2020-03-06,Friday,24,16
310,2020-03-07,Saturday,21,17
311,2020-03-08,Sunday,18,20
312,2020-03-09,Monday,20,14
313,2020-03-10,Tuesday,21,12
314,2020-03-11,Wednesday,22,20
315,2020-03-12,Thursday,24,15
316,2020-03-13,Friday,21,11
317,2020-03-14,Saturday,27,12
318,2020-03-15,Sunday,24,16
319,2020-03-16,Monday,22,16
320,2020-03-17,Tuesday,21,15
321,2020-03-18,Wednesday,26,13
322,2020-03-19,Thursday,19,15
323,2020-03-20,Friday,20,14
324,2020-03-21,Saturday,25,19
325,2020-03-22,Sunday,22,12
326,2020-03-23,Monday,22,10
327,2020-03-24,Tuesday,27,13
328,2020-03-25,Wednesday,27,18
329,2020-03-26,Thursday,27,17
330,2020-03-27,Friday,19,16
331,2020-03-28,Saturday,23,12
332,2020-03-29,Sunday,23,12
333,2020-03-30,Monday,23,15
334,2020-03-31,Tuesday,25,9
335,2020-04-01,Wednesday,26,19
336,2020-04-02,Thursday,21,15
337,2020-04-03,Friday,23,15
338,2020-04-04,Saturday,24,14
339,2020-04-05,Sunday,23,17
340,2020-04-06,Monday,18,15
341,2020-04-07,Tuesday,18,13
342,2020-04-08,Wednesday,24,13
343,2020-04-09,Thursday,23,9
344,2020-04-10,Friday,26,13
345,2020-04-11,Saturday,24,14
346,2020-04-12,Sunday,26,21
347,2020-04-13,Monday,22,14
348,2020-04-14,Tuesday,23,16
349,2020-04-15,Wednesday,22,17
350,2020-04-16,Thursday,29,16
351,2020-04-17,Friday,24,13
352,2020-04-18,Saturday,25,14
353,2020-04-19,Sunday,26,14
354,2020-04-20,Monday,23,16
355,2020-04-21,Tuesday,25,13
356,2020-04-22,Wednesday,21,16
357,2020-04-23,Thursday,25,15
358,2020-04-24,Friday,19,13
359,2020-04-25,Saturday,23,11
360,2020-04-26,Sunday,28,16
361,2020-04-27,Monday,21,12
362,2020-04-28,Tuesday,23,14
363,2020-04-29,Wednesday,23,14
364,2020-04-30,Thursday,28,12
365,2020-05-01,Friday,22,14
366,2020-05-02,Saturday,21,16
367,2020-05-03,Sunday,23,15
368,2020-05-04,Monday,24,18
369,2020-05-05,Tuesday,21,14
370,2020-05-06,Wednesday,24,13
371,2020-05-07,Thursday,23,13
372,2020-05-08,Friday,26,14
373,2020-05-09,Saturday,21,8
374,2020-05-10,Sunday,19,12
375,2020-05-11,Monday,26,11
376,2020-05-12,Tuesday,30,14
377,2020-05-13,Wednesday,25,14
378,2020-05-14,Thursday,30,13
379,2020-05-15,Friday,24,17
380,2020-05-16,Saturday,22,11
381,2020-05-17,Sunday,21,11
382,2020-05-18,Monday,27,12
383,2020-05-19,Tuesday,25,13
384,2020-05-20,Wednesday,26,16
385,2020-05-21,Thursday,25,16
386,2020-05-22,Friday,28,11
387,2020-05-23,Saturday,22,15
388,2020-05-24,Sunday,20,15
389,2020-05-25,Monday,25,13
390,2020-05-26,Tuesday,27,13
391,2020-05-27,Wednesday,21,23
392,2020-05-28,Thursday,22,17
393,2020-05-29,Friday,21,14
394,2020-05-30,Saturday,25,14
395,2020-05-31,Sunday,27,15
396,2020-06-01,Monday,33,16
397,2020-06-02,Tuesday,36,19
398,2020-06-03,Wednesday,31,20
399,2020-06-04,Thursday,21,29
400,2020-06-05,Friday,36,26
401,2020-06-06,Saturday,34,20
402,2020-06-07,Sunday,36,18
403,2020-06-08,Monday,28,21
404,2020-06-09,Tuesday,27,18
405,2020-06-10,Wednesday,23,15
406,2020-06-11,Thursday,33,26
407,2020-06-12,Friday,30,25
408,2020-06-13,Saturday,30,23
409,2020-06-14,Sunday,30,24
410,2020-06-15,Monday,31,23
411,2020-06-16,Tuesday,36,27
412,2020-06-17,Wednesday,34,23
413,2020-06-18,Thursday,29,26
414,2020-06-19,Friday,28,24
415,2020-06-20,Saturday,29,26
416,2020-06-21,Sunday,33,24
417,2020-06-22,Monday,36,21
418,2020-06-23,Tuesday,26,19
419,2020-06-24,Wednesday,30,20
420,2020-06-25,Thursday,34,21
421,2020-06-26,Friday,34,17
422,2020-06-27,Saturday,28,24
423,2020-06-28,Sunday,28,15
424,2020-06-29,Monday,33,23
425,2020-06-30,Tuesday,26,19
426,2020-07-01,Wednesday,25,16
427,2020-07-02,Thursday,35,20
428,2020-07-03,Friday,32,27
429,2020-07-04,Saturday,32,26
430,2020-07-05,Sunday,27,22
431,2020-07-06,Monday,30,24
432,2020-07-07,Tuesday,31,22
433,2020-07-08,Wednesday,32,21
434,2020-07-09,Thursday,33,24
435,2020-07-10,Friday,26,22
436,2020-07-11,Saturday,28,21
437,2020-07-12,Sunday,27,15
438,2020-07-13,Monday,31,19
439,2020-07-14,Tuesday,26,24
440,2020-07-15,Wednesday,31,27
441,2020-07-16,Thursday,29,18
442,2020-07-17,Friday,34,23
443,2020-07-18,Saturday,29,21
444,2020-07-19,Sunday,26,22
445,2020-07-20,Monday,33,25
446,2020-07-21,Tuesday,30,22
447,2020-07-22,Wednesday,33,27
448,2020-07-23,Thursday,34,20
449,2020-07-24,Friday,26,20
450,2020-07-25,Saturday,32,21
451,2020-07-26,Sunday,30,14
452,2020-07-27,Monday,29,20
453,2020-07-28,Tuesday,28,26
454,2020-07-29,Wednesday,32,21
455,2020-07-30,Thursday,29,17
456,2020-07-31,Friday,30,20
457,2020-08-01,Saturday,30,23
458,2020-08-02,Sunday,32,22
459,2020-08-03,Monday,29,21
460,2020-08-04,Tuesday,24,25
461,2020-08-05,Wednesday,24,22
462,2020-08-06,Thursday,31,25
463,2020-08-07,Friday,25,22
464,2020-08-08,Saturday,32,20
465,2020-08-09,Sunday,27,21
466,2020-08-10,Monday,35,22
467,2020-08-11,Tuesday,33,21
468,2020-08-12,Wednesday,31,22
469,2020-08-13,Thursday,28,26
470,2020-08-14,Friday,28,19
471,2020-08-15,Saturday,34,26
472,2020-08-16,Sunday,31,23
473,2020-08-17,Monday,29,21
474,2020-08-18,Tuesday,33,21
475,2020-08-19,Wednesday,30,24
476,2020-08-20,Thursday,28,20
477,2020-08-21,Friday,31,18
478,2020-08-22,Saturday,36,21
479,2020-08-23,Sunday,29,18
480,2020-08-24,Monday,30,24
481,2020-08-25,Tuesday,20,20
482,2020-08-26,Wednesday,27,21
483,2020-08-27,Thursday,31,21
484,2020-08-28,Friday,30,19
485,2020-08-29,Saturday,32,23
486,2020-08-30,Sunday,35,21
487,2020-08-31,Monday,28,17
488,2020-09-01,Tuesday,24,20
489,2020-09-02,Wednesday,28,21
490,2020-09-03,Thursday,24,16
491,2020-09-04,Friday,26,15
492,2020-09-05,Saturday,32,14
493,2020-09-06,Sunday,29,16
494,2020-09-07,Monday,26,18
495,2020-09-08,Tuesday,27,23
496,2020-09-09,Wednesday,30,23
497,2020-09-10,Thursday,24,21
498,2020-09-11,Friday,31,15
499,2020-09-12,Saturday,26,16
500,2020-09-13,Sunday,27,24
501,2020-09-14,Monday,25,19
502,2020-09-15,Tuesday,30,22
503,2020-09-16,Wednesday,23,17
504,2020-09-17,Thursday,33,18
505,2020-09-18,Friday,30,18
506,2020-09-19,Saturday,26,15
507,2020-09-20,Sunday,27,17
508,2020-09-21,Monday,35,18
509,2020-09-22,Tuesday,23,19
510,2020-09-23,Wednesday,25,20
511,2020-09-24,Thursday,31,22
512,2020-09-25,Friday,21,20
513,2020-09-26,Saturday,27,21
514,2020-09-27,Sunday,28,23
515,2020-09-28,Monday,29,14
516,2020-09-29,Tuesday,26,20
517,2020-09-30,Wednesday,28,21
518,2020-10-01,Thursday,28,19
519,2020-10-02,Friday,29,20
520,2020-10-03,Saturday,28,23
521,2020-10-04,Sunday,29,14
522,2020-10-05,Monday,29,20
523,2020-10-06,Tuesday,26,17
524,2020-10-07,Wednesday,32,17
525,2020-10-08,Thursday,28,20
526,2020-10-09,Friday,28,19
527,2020-10-10,Saturday,26,15
528,2020-10-11,Sunday,25,18
529,2020-10-12,Monday,27,25
530,2020-10-13,Tuesday,26,16
531,2020-10-14,Wednesday,27,24
532,2020-10-15,Thursday,26,15
533,2020-10-16,Friday,24,15
534,2020-10-17,Saturday,27,24
535,2020-10-18,Sunday,22,17
536,2020-10-19,Monday,28,17
537,2020-10-20,Tuesday,27,21
538,2020-10-21,Wednesday,29,19
539,2020-10-22,Thursday,28,21
540,2020-10-23,Friday,22,20
541,2020-10-24,Saturday,25,20
542,2020-10-25,Sunday,23,13
543,2020-10-26,Monday,24,19
544,2020-10-27,Tuesday,31,23
545,2020-10-28,Wednesday,27,15
546,2020-10-29,Thursday,34,18
547,2020-10-30,Friday,28,15
548,2020-10-31,Saturday,25,19
549,2020-11-01,Sunday,27,15
550,2020-11-02,Monday,27,21
551,2020-11-03,Tuesday,29,18
552,2020-11-04,Wednesday,30,17
553,2020-11-05,Thursday,24,19
554,2020-11-06,Friday,26,20
555,2020-11-07,Saturday,23,17
556,2020-11-08,Sunday,23,20
557,2020-11-09,Monday,31,10
558,2020-11-10,Tuesday,27,17
559,2020-11-11,Wednesday,23,13
560,2020-11-12,Thursday,27,16
561,2020-11-13,Friday,27,19
562,2020-11-14,Saturday,22,16
563,2020-11-15,Sunday,23,16
564,2020-11-16,Monday,33,22
565,2020-11-17,Tuesday,32,16
566,2020-11-18,Wednesday,25,22
567,2020-11-19,Thursday,26,18
568,2020-11-20,Friday,29,19
569,2020-11-21,Saturday,30,17
570,2020-11-22,Sunday,32,12
571,2020-11-23,Monday,31,20
572,2020-11-24,Tuesday,31,24
573,2020-11-25,Wednesday,32,17
574,2020-11-26,Thursday,24,19
575,2020-11-27,Friday,30,19
576,2020-11-28,Saturday,25,17
577,2020-11-29,Sunday,28,15
578,2020-11-30,Monday,30,17
579,2020-12-01,Tuesday,18,12
580,2020-12-02,Wednesday,21,13
581,2020-12-03,Thursday,24,15
582,2020-12-04,Friday,14,7
583,2020-12-05,Saturday,19,10
584,2020-12-06,Sunday,19,5
585,2020-12-07,Monday,23,9
586,2020-12-08,Tuesday,21,12
587,2020-12-09,Wednesday,23,10
588,2020-12-10,Thursday,21,8
589,2020-12-11,Friday,26,9
590,2020-12-12,Saturday,24,10
591,2020-12-13,Sunday,20,14
592,2020-12-14,Monday,22,13
593,2020-12-15,Tuesday,13,8
594,2020-12-16,Wednesday,23,15
595,2020-12-17,Thursday,20,10
596,2020-12-18,Friday,26,14
597,2020-12-19,Saturday,21,9
598,2020-12-20,Sunday,24,12
599,2020-12-21,Monday,20,16
600,2020-12-22,Tuesday,22,13
601,2020-12-23,Wednesday,18,8
602,2020-12-24,Thursday,22,8
603,2020-12-25,Friday,24,13
604,2020-12-26,Saturday,22,14
605,2020-12-27,Sunday,20,6
606,2020-12-28,Monday,23,16
607,2020-12-29,Tuesday,22,11
608,2020-12-30,Wednesday,15,13
609,2020-12-31,Thursday,22,10
610,2021-01-01,Friday,21,7
611,2021-01-02,Saturday,18,16
612,2021-01-03,Sunday,26,17
613,2021-01-04,Monday,17,7
614,2021-01-05,Tuesday,16,8
615,2021-01-06,Wednesday,20,12
616,2021-01-07,Thursday,23,9
617,2021-01-08,Friday,21,16
618,2021-01-09,Saturday,22,15
619,2021-01-10,Sunday,22,3
620,2021-01-11,Monday,22,14
621,2021-01-12,Tuesday,22,14
622,2021-01-13,Wednesday,20,12
623,2021-01-14,Thursday,19,14
624,2021-01-15,Friday,17,10
625,2021-01-16,Saturday,22,7
626,2021-01-17,Sunday,21,8
627,2021-01-18,Monday,18,16
628,2021-01-19,Tuesday,22,9
629,2021-01-20,Wednesday,22,10
630,2021-01-21,Thursday,19,10
631,2021-01-22,Friday,21,12
632,2021-01-23,Saturday,21,7
633,2021-01-24,Sunday,22,13
634,2021-01-25,Monday,17,9
635,2021-01-26,Tuesday,20,16
636,2021-01-27,Wednesday,21,11
637,2021-01-28,Thursday,15,13
638,2021-01-29,Friday,22,8
639,2021-01-30,Saturday,18,5
640,2021-01-31,Sunday,21,11
641,2021-02-01,Monday,21,16
642,2021-02-02,Tuesday,15,13
643,2021-02-03,Wednesday,17,11
644,2021-02-04,Thursday,20,10
645,2021-02-05,Friday,14,7
646,2021-02-06,Saturday,21,13
647,2021-02-07,Sunday,19,9
648,2021-02-08,Monday,16,14
649,2021-02-09,Tuesday,22,9
650,2021-02-10,Wednesday,24,11
651,2021-02-11,Thursday,20,12
652,2021-02-12,Friday,24,14
653,2021-02-13,Saturday,19,13
654,2021-02-14,Sunday,20,5
655,2021-02-15,Monday,25,13
656,2021-02-16,Tuesday,22,13
657,2021-02-17,Wednesday,24,15
658,2021-02-18,Thursday,21,13
659,2021-02-19,Friday,19,9
660,2021-02-20,Saturday,18,12
661,2021-02-21,Sunday,19,8
662,2021-02-22,Monday,20,13
663,2021-02-23,Tuesday,27,12
664,2021-02-24,Wednesday,22,11
665,2021-02-25,Thursday,20,15
666,2021-02-26,Friday,19,15
667,2021-02-27,Saturday,18,10
668,2021-02-28,Sunday,18,12
669,2021-03-01,Monday,20,16
670,2021-03-02,Tuesday,21,11
671,2021-03-03,Wednesday,26,13
672,2021-03-04,Thursday,21,13
673,2021-03-05,Friday,23,14
674,2021-03-06,Saturday,24,16
675,2021-03-07,Sunday,22,19
676,2021-03-08,Monday,26,11
677,2021-03-09,Tuesday,23,16
678,2021-03-10,Wednesday,24,14
679,2021-03-11,Thursday,17,18
680,2021-03-12,Friday,25,14
681,2021-03-13,Saturday,20,13
682,2021-03-14,Sunday,25,12
683,2021-03-15,Monday,23,12
684,2021-03-16,Tuesday,21,11
685,2021-03-17,Wednesday,25,17
686,2021-03-18,Thursday,27,11
687,2021-03-19,Friday,27,17
688,2021-03-20,Saturday,24,17
689,2021-03-21,Sunday,21,9
690,2021-03-22,Monday,22,10
691,2021-03-23,Tuesday,21,14
692,2021-03-24,Wednesday,23,16
693,2021-03-25,Thursday,24,19
694,2021-03-26,Friday,18,6
695,2021-03-27,Saturday,23,12
696,2021-03-28,Sunday,20,17
697,2021-03-29,Monday,21,17
698,2021-03-30,Tuesday,24,14
699,2021-03-31,Wednesday,23,16
700,2021-04-01,Thursday,27,13
701,2021-04-02,Friday,29,16
702,2021-04-03,Saturday,27,19
703,2021-04-04,Sunday,18,11
704,2021-04-05,Monday,18,20
705,2021-04-06,Tuesday,21,12
706,2021-04-07,Wednesday,25,14
707,2021-04-08,Thursday,26,9
708,2021-04-09,Friday,17,12
709,2021-04-10,Saturday,27,14
710,2021-04-11,Sunday,23,15
711,2021-04-12,Monday,29,11
712,2021-04-13,Tuesday,26,15
713,2021-04-14,Wednesday,20,12
714,2021-04-15,Thursday,29,17
715,2021-04-16,Friday,27,18
716,2021-04-17,Saturday,24,13
717,2021-04-18,Sunday,18,15
718,2021-04-19,Monday,28,12
719,2021-04-20,Tuesday,22,19
720,2021-04-21,Wednesday,25,14
721,2021-04-22,Thursday,23,10
722,2021-04-23,Friday,29,14
723,2021-04-24,Saturday,24,16
724,2021-04-25,Sunday,25,13
725,2021-04-26,Monday,22,18
726,2021-04-27,Tuesday,23,20
727,2021-04-28,Wednesday,20,22
728,2021-04-29,Thursday,23,16
729,2021-04-30,Friday,21,9
730,2021-05-01,Saturday,22,12
731,2021-05-02,Sunday,19,18
732,2021-05-03,Monday,23,8
733,2021-05-04,Tuesday,27,8
734,2021-05-05,Wednesday,20,14
735,2021-05-06,Thursday,27,13
736,2021-05-07,Friday,24,11
737,2021-05-08,Saturday,24,13
738,2021-05-09,Sunday,23,15
739,2021-05-10,Monday,31,16
740,2021-05-11,Tuesday,21,15
741,2021-05-12,Wednesday,22,20
742,2021-05-13,Thursday,22,20
743,2021-05-14,Friday,22,13
744,2021-05-15,Saturday,25,19
745,2021-05-16,Sunday,26,9
746,2021-05-17,Monday,26,11
747,2021-05-18,Tuesday,25,12
748,2021-05-19,Wednesday,27,13
749,2021-05-20,Thursday,27,15
750,2021-05-21,Friday,25,20
751,2021-05-22,Saturday,22,13
752,2021-05-23,Sunday,26,17
753,2021-05-24,Monday,24,14
754,2021-05-25,Tuesday,23,12
755,2021-05-26,Wednesday,23,15
756,2021-05-27,Thursday,24,14
757,2021-05-28,Friday,20,14
758,2021-05-29,Saturday,23,14
759,2021-05-30,Sunday,22,14
760,2021-05-31,Monday,27,15
761,2021-06-01,Tuesday,30,26
762,2021-06-02,Wednesday,33,20
763,2021-06-03,Thursday,32,19
764,2021-06-04,Friday,32,24
765,2021-06-05,Saturday,31,21
766,2021-06-06,Sunday,30,20
767,2021-06-07,Monday,29,20
768,2021-06-08,Tuesday,30,24
769,2021-06-09,Wednesday,33,25
770,2021-06-10,Thursday,29,21
771,2021-06-11,Friday,33,18
772,2021-06-12,Saturday,36,21
773,2021-06-13,Sunday,34,19
774,2021-06-14,Monday,36,20
775,2021-06-15,Tuesday,33,25
776,2021-06-16,Wednesday,30,19
777,2021-06-17,Thursday,33,25
778,2021-06-18,Friday,29,24
779,2021-06-19,Saturday,30,24
780,2021-06-20,Sunday,32,22
781,2021-06-21,Monday,33,24
782,2021-06-22,Tuesday,28,22
783,2021-06-23,Wednesday,26,22
784,2021-06-24,Thursday,30,20
785,2021-06-25,Friday,32,22
786,2021-06-26,Saturday,30,18
787,2021-06-27,Sunday,29,23
788,2021-06-28,Monday,29,20
789,2021-06-29,Tuesday,36,21
790,2021-06-30,Wednesday,29,26
791,2021-07-01,Thursday,28,23
792,2021-07-02,Friday,28,20
793,2021-07-03,Saturday,34,23
794,2021-07-04,Sunday,27,24
795,2021-07-05,Monday,29,22
796,2021-07-06,Tuesday,35,23
797,2021-07-07,Wednesday,29,22
798,2021-07-08,Thursday,26,17
799,2021-07-09,Friday,25,16
800,2021-07-10,Saturday,32,24
801,2021-07-11,Sunday,31,17
802,2021-07-12,Monday,31,17
803,2021-07-13,Tuesday,33,16
804,2021-07-14,Wednesday,27,19
805,2021-07-15,Thursday,29,16
806,2021-07-16,Friday,30,19
807,2021-07-17,Saturday,34,19
808,2021-07-18,Sunday,30,19
809,2021-07-19,Monday,34,21
810,2021-07-20,Tuesday,29,21
811,2021-07-21,Wednesday,31,14
812,2021-07-22,Thursday,31,25
813,2021-07-23,Friday,31,22
814,2021-07-24,Saturday,28,21
815,2021-07-25,Sunday,30,22
816,2021-07-26,Monday,32,26
817,2021-07-27,Tuesday,29,21
818,2021-07-28,Wednesday,32,22
819,2021-07-29,Thursday,31,28
820,2021-07-30,Friday,27,19
821,2021-07-31,Saturday,30,22
822,2021-08-01,Sunday,32,25
823,2021-08-02,Monday,31,19
824,2021-08-03,Tuesday,28,28
825,2021-08-04,Wednesday,32,19
826,2021-08-05,Thursday,31,21
827,2021-08-06,Friday,29,22
828,2021-08-07,Saturday,29,23
829,2021-08-08,Sunday,29,26
830,2021-08-09,Monday,33,23
831,2021-08-10,Tuesday,33,21
832,2021-08-11,Wednesday,33,23
833,2021-08-12,Thursday,28,20
834,2021-08-13,Friday,27,22
835,2021-08-14,Saturday,31,26
836,2021-08-15,Sunday,35,19
837,2021-08-16,Monday,32,22
838,2021-08-17,Tuesday,30,22
839,2021-08-18,Wednesday,29,25
840,2021-08-19,Thursday,28,22
841,2021-08-20,Friday,32,20
842,2021-08-21,Saturday,26,21
843,2021-08-22,Sunday,28,21
844,2021-08-23,Monday,27,21
845,2021-08-24,Tuesday,33,19
846,2021-08-25,Wednesday,26,21
847,2021-08-26,Thursday,34,23
848,2021-08-27,Friday,30,27
849,2021-08-28,Saturday,27,26
850,2021-08-29,Sunday,26,18
851,2021-08-30,Monday,30,19
852,2021-08-31,Tuesday,31,23
853,2021-09-01,Wednesday,29,19
854,2021-09-02,Thursday,25,13
855,2021-09-03,Friday,27,15
856,2021-09-04,Saturday,26,21
857,2021-09-05,Sunday,29,16
858,2021-09-06,Monday,25,18
859,2021-09-07,Tuesday,29,16
860,2021-09-08,Wednesday,27,23
861,2021-09-09,Thursday,27,20
862,2021-09-10,Friday,28,25
863,2021-09-11,Saturday,23,18
864,2021-09-12,Sunday,30,23
865,2021-09-13,Monday,22,23
866,2021-09-14,Tuesday,28,18
867,2021-09-15,Wednesday,25,19
868,2021-09-16,Thursday,27,19
869,2021-09-17,Friday,27,18
870,2021-09-18,Saturday,26,13
871,2021-09-19,Sunday,23,21
872,2021-09-20,Monday,33,17
873,2021-09-21,Tuesday,30,20
874,2021-09-22,Wednesday,26,19
875,2021-09-23,Thursday,24,21
876,2021-09-24,Friday,29,22
877,2021-09-25,Saturday,28,20
878,2021-09-26,Sunday,27,14
879,2021-09-27,Monday,34,18
880,2021-09-28,Tuesday,25,19
881,2021-09-29,Wednesday,24,19
882,2021-09-30,Thursday,27,22
883,2021-10-01,Friday,27,14
884,2021-10-02,Saturday,26,20
885,2021-10-03,Sunday,30,24
886,2021-10-04,Monday,27,22
887,2021-10-05,Tuesday,22,20
888,2021-10-06,Wednesday,29,22
889,2021-10-07,Thursday,26,19
890,2021-10-08,Friday,25,20
891,2021-10-09,Saturday,29,17
892,2021-10-10,Sunday,28,16
893,2021-10-11,Monday,30,26
894,2021-10-12,Tuesday,24,16
895,2021-10-13,Wednesday,26,20
896,2021-10-14,Thursday,25,20
897,2021-10-15,Friday,26,19
898,2021-10-16,Saturday,26,16
899,2021-10-17,Sunday,28,18
900,2021-10-18,Monday,32,12
901,2021-10-19,Tuesday,27,17
902,2021-10-20,Wednesday,28,24
903,2021-10-21,Thursday,32,19
904,2021-10-22,Friday,27,22
905,2021-10-23,Saturday,27,21
906,2021-10-24,Sunday,29,18
907,2021-10-25,Monday,28,14
908,2021-10-26,Tuesday,23,19
909,2021-10-27,Wednesday,29,19
910,2021-10-28,Thursday,29,17
911,2021-10-29,Friday,27,17
912,2021-10-30,Saturday,24,18
913,2021-10-31,Sunday,23,19
914,2021-11-01,Monday,33,15
915,2021-11-02,Tuesday,28,20
916,2021-11-03,Wednesday,24,14
917,2021-11-04,Thursday,25,17
918,2021-11-05,Friday,33,16
919,2021-11-06,Saturday,24,17
920,2021-11-07,Sunday,28,16
921,2021-11-08,Monday,25,16
922,2021-11-09,Tuesday,24,18
923,2021-11-10,Wednesday,29,25
924,2021-11-11,Thursday,23,16
925,2021-11-12,Friday,30,22
926,2021-11-13,Saturday,29,16
927,2021-11-14,Sunday,27,21
928,2021-11-15,Monday,28,20
929,2021-11-16,Tuesday,27,22
930,2021-11-17,Wednesday,24,18
931,2021-11-18,Thursday,28,17
932,2021-11-19,Friday,24,18
933,2021-11-20,Saturday,29,16
934,2021-11-21,Sunday,25,16
935,2021-11-22,Monday,30,23
936,2021-11-23,Tuesday,30,21
937,2021-11-24,Wednesday,30,19
938,2021-11-25,Thursday,28,18
939,2021-11-26,Friday,30,20
940,2021-11-27,Saturday,23,17
941,2021-11-28,Sunday,25,22
942,2021-11-29,Monday,27,17
943,2021-11-30,Tuesday,26,17
944,2021-12-01,Wednesday,15,13
945,2021-12-02,Thursday,20,7
946,2021-12-03,Friday,17,9
947,2021-12-04,Saturday,22,13
948,2021-12-05,Sunday,14,9
949,2021-12-06,Monday,25,12
950,2021-12-07,Tuesday,19,10
951,2021-12-08,Wednesday,20,15
952,2021-12-09,Thursday,24,12
953,2021-12-10,Friday,28,11
954,2021-12-11,Saturday,19,10
955,2021-12-12,Sunday,20,13
956,2021-12-13,Monday,22,7
957,2021-12-14,Tuesday,20,11
958,2021-12-15,Wednesday,21,11
959,2021-12-16,Thursday,22,11
960,2021-12-17,Friday,23,14
961,2021-12-18,Saturday,18,15
962,2021-12-19,Sunday,19,9
963,2021-12-20,Monday,23,9
964,2021-12-21,Tuesday,16,11
965,2021-12-22,Wednesday,17,16
966,2021-12-23,Thursday,22,14
967,2021-12-24,Friday,23,15
968,2021-12-25,Saturday,21,17
969,2021-12-26,Sunday,18,6
970,2021-12-27,Monday,20,11
971,2021-12-28,Tuesday,17,7
972,2021-12-29,Wednesday,21,14
973,2021-12-30,Thursday,26,15
974,2021-12-31,Friday,24,13
975,2022-01-01,Saturday,16,8
976,2022-01-02,Sunday,20,9
977,2022-01-03,Monday,18,12
978,2022-01-04,Tuesday,18,9
979,2022-01-05,Wednesday,19,11
980,2022-01-06,Thursday,20,6
981,2022-01-07,Friday,23,9
982,2022-01-08,Saturday,18,11
983,2022-01-09,Sunday,23,9
984,2022-01-10,Monday,17,10
985,2022-01-11,Tuesday,22,11
986,2022-01-12,Wednesday,22,10
987,2022-01-13,Thursday,21,14
988,2022-01-14,Friday,18,15
989,2022-01-15,Saturday,20,9
990,2022-01-16,Sunday,15,10
991,2022-01-17,Monday,21,11
992,2022-01-18,Tuesday,16,15
993,2022-01-19,Wednesday,19,13
994,2022-01-20,Thursday,24,16
995,2022-01-21,Friday,24,15
996,2022-01-22,Saturday,24,10
997,2022-01-23,Sunday,20,12
998,2022-01-24,Monday,19,5
999,2022-01-25,Tuesday,18,4
1000,2022-01-26,Wednesday,18,10
1001,2022-01-27,Thursday,22,9
1002,2022-01-28,Friday,20,10
1003,2022-01-29,Saturday,20,11
1004,2022-01-30,Sunday,21,12
1005,2022-01-31,Monday,18,10
1006,2022-02-01,Tuesday,19,10
1007,2022-02-02,Wednesday,21,10
1008,2022-02-03,Thursday,20,7
1009,2022-02-04,Friday,22,13
1010,2022-02-05,Saturday,19,12
1011,2022-02-06,Sunday,24,15
1012,2022-02-07,Monday,28,9
1013,2022-02-08,Tuesday,17,9
1014,2022-02-09,Wednesday,23,7
1015,2022-02-10,Thursday,27,10
1016,2022-02-11,Friday,18,13
1017,2022-02-12,Saturday,16,14
1018,2022-02-13,Sunday,16,10
1019,2022-02-14,Monday,21,10
1020,2022-02-15,Tuesday,21,10
1021,2022-02-16,Wednesday,17,11
1022,2022-02-17,Thursday,23,15
1023,2022-02-18,Friday,22,13
1024,2022-02-19,Saturday,18,13
1025,2022-02-20,Sunday,19,13
1026,2022-02-21,Monday,23,14
1027,2022-02-22,Tuesday,17,12
1028,2022-02-23,Wednesday,20,10
1029,2022-02-24,Thursday,17,10
1030,2022-02-25,Friday,19,11
1031,2022-02-26,Saturday,23,14
1032,2022-02-27,Sunday,23,12
1033,2022-02-28,Monday,23,14
1034,2022-03-01,Tuesday,26,14
1035,2022-03-02,Wednesday,23,10
1036,2022-03-03,Thursday,22,16
1037,2022-03-04,Friday,29,19
1038,2022-03-05,Saturday,21,15
1039,2022-03-06,Sunday,21,13
1040,2022-03-07,Monday,23,21
1041,2022-03-08,Tuesday,29,10
1042,2022-03-09,Wednesday,26,15
1043,2022-03-10,Thursday,21,10
1044,2022-03-11,Friday,23,12
1045,2022-03-12,Saturday,25,5
1046,2022-03-13,Sunday,21,10
1047,2022-03-14,Monday,25,14
1048,2022-03-15,Tuesday,19,19
1049,2022-03-16,Wednesday,28,19
1050,2022-03-17,Thursday,25,17
1051,2022-03-18,Friday,18,14
1052,2022-03-19,Saturday,25,18
1053,2022-03-20,Sunday,18,16
1054,2022-03-21,Monday,26,14
1055,2022-03-22,Tuesday,20,20
1056,2022-03-23,Wednesday,26,12
1057,2022-03-24,Thursday,22,16
1058,2022-03-25,Friday,26,18
1059,2022-03-26,Saturday,28,14
1060,2022-03-27,Sunday,28,16
1061,2022-03-28,Monday,24,16
1062,2022-03-29,Tuesday,25,13
1063,2022-03-30,Wednesday,28,14
1064,2022-03-31,Thursday,21,17
1065,2022-04-01,Friday,23,10
1066,2022-04-02,Saturday,28,15
1067,2022-04-03,Sunday,28,13
1068,2022-04-04,Monday,24,10
1069,2022-04-05,Tuesday,26,14
1070,2022-04-06,Wednesday,23,11
1071,2022-04-07,Thursday,17,16
1072,2022-04-08,Friday,22,16
1073,2022-04-09,Saturday,19,13
1074,2022-04-10,Sunday,27,13
1075,2022-04-11,Monday,27,16
1076,2022-04-12,Tuesday,17,14
1077,2022-04-13,Wednesday,27,6
1078,2022-04-14,Thursday,23,14
1079,2022-04-15,Friday,21,10
1080,2022-04-16,Saturday,19,12
1081,2022-04-17,Sunday,25,14
1082,2022-04-18,Monday,28,12
1083,2022-04-19,Tuesday,18,15
1084,2022-04-20,Wednesday,23,15
1085,2022-04-21,Thursday,26,16
1086,2022-04-22,Friday,21,18
1087,2022-04-23,Saturday,19,21
1088,2022-04-24,Sunday,25,16
1089,2022-04-25,Monday,26,13
1090,2022-04-26,Tuesday,23,18
1091,2022-04-27,Wednesday,23,16
1092,2022-04-28,Thursday,25,12
1093,2022-04-29,Friday,21,10
1094,2022-04-30,Saturday,29,12
1095,2022-05-01,Sunday,18,17
1096,2022-05-02,Monday,26,19
1097,2022-05-03,Tuesday,25,12
1098,2022-05-04,Wednesday,20,11
1099,2022-05-05,Thursday,25,12
1100,2022-05-06,Friday,22,14
1101,2022-05-07,Saturday,25,18
1102,2022-05-08,Sunday,23,17
1103,2022-05-09,Monday,27,20
1104,2022-05-10,Tuesday,24,13
1105,2022-05-11,Wednesday,31,12
1106,2022-05-12,Thursday,22,9
1107,2022-05-13,Friday,24,18
1108,2022-05-14,Saturday,19,17
1109,2022-05-15,Sunday,21,13
1110,2022-05-16,Monday,18,15
1111,2022-05-17,Tuesday,22,15
1112,2022-05-18,Wednesday,25,12
1113,2022-05-19,Thursday,24,20
1114,2022-05-20,Friday,22,17
1115,2022-05-21,Saturday,20,12
1116,2022-05-22,Sunday,18,17
1117,2022-05-23,Monday,24,13
1118,2022-05-24,Tuesday,26,18
1119,2022-05-25,Wednesday,18,12
1120,2022-05-26,Thursday,22,13
1121,2022-05-27,Friday,22,12
1122,2022-05-28,Saturday,24,16
1123,2022-05-29,Sunday,20,13
1124,2022-05-30,Monday,22,15
1125,2022-05-31,Tuesday,24,14
1126,2022-06-01,Wednesday,35,21
1127,2022-06-02,Thursday,30,20
1128,2022-06-03,Friday,28,22
1129,2022-06-04,Saturday,32,21
1130,2022-06-05,Sunday,27,24
1131,2022-06-06,Monday,30,24
1132,2022-06-07,Tuesday,26,23
1133,2022-06-08,Wednesday,29,19
1134,2022-06-09,Thursday,29,19
1135,2022-06-10,Friday,29,25
1136,2022-06-11,Saturday,30,23
1137,2022-06-12,Sunday,31,22
1138,2022-06-13,Monday,29,16
1139,2022-06-14,Tuesday,26,29
1140,2022-06-15,Wednesday,28,25
1141,2022-06-16,Thursday,27,25
1142,2022-06-17,Friday,28,22
1143,2022-06-18,Saturday,32,26
1144,2022-06-19,Sunday,35,22
1145,2022-06-20,Monday,38,22
1146,2022-06-21,Tuesday,28,22
1147,2022-06-22,Wednesday,31,20
1148,2022-06-23,Thursday,30,19
1149,2022-06-24,Friday,31,18
1150,2022-06-25,Saturday,33,20
1151,2022-06-26,Sunday,33,25
1152,2022-06-27,Monday,29,15
1153,2022-06-28,Tuesday,25,28
1154,2022-06-29,Wednesday,31,17
1155,2022-06-30,Thursday,30,25
1156,2022-07-01,Friday,31,23
1157,2022-07-02,Saturday,32,16
1158,2022-07-03,Sunday,27,18
1159,2022-07-04,Monday,34,24
1160,2022-07-05,Tuesday,29,24
1161,2022-07-06,Wednesday,35,19
1162,2022-07-07,Thursday,34,18
1163,2022-07-08,Friday,30,24
1164,2022-07-09,Saturday,34,22
1165,2022-07-10,Sunday,31,20
1166,2022-07-11,Monday,25,24
1167,2022-07-12,Tuesday,31,22
1168,2022-07-13,Wednesday,26,20
1169,2022-07-14,Thursday,30,20
1170,2022-07-15,Friday,27,20
1171,2022-07-16,Saturday,31,20
1172,2022-07-17,Sunday,35,17
1173,2022-07-18,Monday,31,17
1174,2022-07-19,Tuesday,30,29
1175,2022-07-20,Wednesday,32,19
1176,2022-07-21,Thursday,32,25
1177,2022-07-22,Friday,32,21
1178,2022-07-23,Saturday,30,25
1179,2022-07-24,Sunday,38,23
1180,2022-07-25,Monday,30,25
1181,2022-07-26,Tuesday,31,19
1182,2022-07-27,Wednesday,33,26
1183,2022-07-28,Thursday,26,20
1184,2022-07-29,Friday,30,25
1185,2022-07-30,Saturday,30,24
1186,2022-07-31,Sunday,31,22
1187,2022-08-01,Monday,26,26
1188,2022-08-02,Tuesday,32,24
1189,2022-08-03,Wednesday,33,25
1190,2022-08-04,Thursday,31,19
1191,2022-08-05,Friday,29,24
1192,2022-08-06,Saturday,26,20
1193,2022-08-07,Sunday,27,26
1194,2022-08-08,Monday,31,19
1195,2022-08-09,Tuesday,32,22
1196,2022-08-10,Wednesday,28,19
1197,2022-08-11,Thursday,28,28
1198,2022-08-12,Friday,29,21
1199,2022-08-13,Saturday,28,19
1200,2022-08-14,Sunday,34,21
1201,2022-08-15,Monday,31,23
1202,2022-08-16,Tuesday,26,21
1203,2022-08-17,Wednesday,33,24
1204,2022-08-18,Thursday,28,19
1205,2022-08-19,Friday,37,21
1206,2022-08-20,Saturday,32,23
1207,2022-08-21,Sunday,29,15
1208,2022-08-22,Monday,36,19
1209,2022-08-23,Tuesday,32,18
1210,2022-08-24,Wednesday,25,22
1211,2022-08-25,Thursday,32,25
1212,2022-08-26,Friday,31,22
1213,2022-08-27,Saturday,31,24
1214,2022-08-28,Sunday,29,22
1215,2022-08-29,Monday,31,21
1216,2022-08-30,Tuesday,31,22
1217,2022-08-31,Wednesday,33,22
1218,2022-09-01,Thursday,30,21
1219,2022-09-02,Friday,27,19
1220,2022-09-03,Saturday,28,24
1221,2022-09-04,Sunday,26,21
1222,2022-09-05,Monday,23,20
1223,2022-09-06,Tuesday,29,16
1224,2022-09-07,Wednesday,25,21
1225,2022-09-08,Thursday,30,24
1226,2022-09-09,Friday,26,18
1227,2022-09-10,Saturday,21,19
1228,2022-09-11,Sunday,33,13
1229,2022-09-12,Monday,25,25
1230,2022-09-13,Tuesday,20,18
1231,2022-09-14,Wednesday,30,14
1232,2022-09-15,Thursday,25,21
1233,2022-09-16,Friday,29,16
1234,2022-09-17,Saturday,28,20
1235,2022-09-18,Sunday,27,15
1236,2022-09-19,Monday,28,19
1237,2022-09-20,Tuesday,29,17
1238,2022-09-21,Wednesday,32,22
1239,2022-09-22,Thursday,36,21
1240,2022-09-23,Friday,31,19
1241,2022-09-24,Saturday,29,18
1242,2022-09-25,Sunday,31,18
1243,2022-09-26,Monday,23,19
1244,2022-09-27,Tuesday,31,18
1245,2022-09-28,Wednesday,33,19
1246,2022-09-29,Thursday,24,18
1247,2022-09-30,Friday,28,22
1248,2022-10-01,Saturday,22,18
1249,2022-10-02,Sunday,33,19
1250,2022-10-03,Monday,28,18
1251,2022-10-04,Tuesday,26,20
1252,2022-10-05,Wednesday,28,21
1253,2022-10-06,Thursday,23,22
1254,2022-10-07,Friday,29,18
1255,2022-10-08,Saturday,23,19
1256,2022-10-09,Sunday,28,16
1257,2022-10-10,Monday,32,19
1258,2022-10-11,Tuesday,30,15
1259,2022-10-12,Wednesday,25,19
1260,2022-10-13,Thursday,23,16
1261,2022-10-14,Friday,20,17
1262,2022-10-15,Saturday,30,18
1263,2022-10-16,Sunday,26,20
1264,2022-10-17,Monday,25,19
1265,2022-10-18,Tuesday,27,16
1266,2022-10-19,Wednesday,28,18
1267,2022-10-20,Thursday,22,21
1268,2022-10-21,Friday,25,16
1269,2022-10-22,Saturday,29,18
1270,2022-10-23,Sunday,27,17
1271,2022-10-24,Monday,33,18
1272,2022-10-25,Tuesday,35,25
1273,2022-10-26,Wednesday,28,18
1274,2022-10-27,Thursday,29,23
1275,2022-10-28,Friday,25,18
1276,2022-10-29,Saturday,24,14
1277,2022-10-30,Sunday,24,19
1278,2022-10-31,Monday,23,13
1279,2022-11-01,Tuesday,23,22
1280,2022-11-02,Wednesday,29,15
1281,2022-11-03,Thursday,25,23
1282,2022-11-04,Friday,25,16
1283,2022-11-05,Saturday,28,20
1284,2022-11-06,Sunday,23,17
1285,2022-11-07,Monday,25,16
1286,2022-11-08,Tuesday,22,17
1287,2022-11-09,Wednesday,28,19
1288,2022-11-10,Thursday,25,19
1289,2022-11-11,Friday,26,20
1290,2022-11-12,Saturday,24,17
1291,2022-11-13,Sunday,25,21
1292,2022-11-14,Monday,31,18
1293,2022-11-15,Tuesday,24,20
1294,2022-11-16,Wednesday,34,17
1295,2022-11-17,Thursday,29,20
1296,2022-11-18,Friday,30,21
1297,2022-11-19,Saturday,26,15
1298,2022-11-20,Sunday,25,21
1299,2022-11-21,Monday,26,24
1300,2022-11-22,Tuesday,24,21
1301,2022-11-23,Wednesday,26,18
1302,2022-11-24,Thursday,28,18
1303,2022-11-25,Friday,28,22
1304,2022-11-26,Saturday,22,20
1305,2022-11-27,Sunday,24,17
1306,2022-11-28,Monday,28,20
1307,2022-11-29,Tuesday,25,17
1308,2022-11-30,Wednesday,28,18
1309,2022-12-01,Thursday,17,13
1310,2022-12-02,Friday,25,2
1311,2022-12-03,Saturday,19,13
1312,2022-12-04,Sunday,15,9
1313,2022-12-05,Monday,22,10
1314,2022-12-06,Tuesday,18,8
1315,2022-12-07,Wednesday,20,11
1316,2022-12-08,Thursday,21,12
1317,2022-12-09,Friday,27,15
1318,2022-12-10,Saturday,16,12
1319,2022-12-11,Sunday,17,4
1320,2022-12-12,Monday,22,15
1321,2022-12-13,Tuesday,23,11
1322,2022-12-14,Wednesday,19,14
1323,2022-12-15,Thursday,23,8
1324,2022-12-16,Friday,17,7
1325,2022-12-17,Saturday,18,13
1326,2022-12-18,Sunday,23,9
1327,2022-12-19,Monday,25,8
1328,2022-12-20,Tuesday,19,9
1329,2022-12-21,Wednesday,18,14
1330,2022-12-22,Thursday,18,15
1331,2022-12-23,Friday,21,8
1332,2022-12-24,Saturday,27,12
1333,2022-12-25,Sunday,28,17
1334,2022-12-26,Monday,22,2
1335,2022-12-27,Tuesday,15,12
1336,2022-12-28,Wednesday,20,8
1337,2022-12-29,Thursday,15,9
1338,2022-12-30,Friday,20,12
1339,2022-12-31,Saturday,20,15
1340,2023-01-01,Sunday,28,8
1341,2023-01-02,Monday,20,11
1342,2023-01-03,Tuesday,13,13
1343,2023-01-04,Wednesday,21,17
1344,2023-01-05,Thursday,22,6
1345,2023-01-06,Friday,20,12
1346,2023-01-07,Saturday,19,10
1347,2023-01-08,Sunday,20,15
1348,2023-01-09,Monday,19,17
1349,2023-01-10,Tuesday,20,6
1350,2023-01-11,Wednesday,23,12
1351,2023-01-12,Thursday,20,10
1352,2023-01-13,Friday,14,15
1353,2023-01-14,Saturday,20,11
1354,2023-01-15,Sunday,16,7
1355,2023-01-16,Monday,22,11
1356,2023-01-17,Tuesday,24,10
1357,2023-01-18,Wednesday,21,10
1358,2023-01-19,Thursday,17,15
1359,2023-01-20,Friday,22,11
1360,2023-01-21,Saturday,18,13
1361,2023-01-22,Sunday,21,10
1362,2023-01-23,Monday,18,15
1363,2023-01-24,Tuesday,20,14
1364,2023-01-25,Wednesday,22,15
1365,2023-01-26,Thursday,19,11
1366,2023-01-27,Friday,21,15
1367,2023-01-28,Saturday,20,16
1368,2023-01-29,Sunday,21,14
1369,2023-01-30,Monday,21,11
1370,2023-01-31,Tuesday,22,9
1371,2023-02-01,Wednesday,19,13
1372,2023-02-02,Thursday,20,15
1373,2023-02-03,Friday,20,19
1374,2023-02-04,Saturday,18,13
1375,2023-02-05,Sunday,22,13
1376,2023-02-06,Monday,26,10
1377,2023-02-07,Tuesday,16,13
1378,2023-02-08,Wednesday,20,10
1379,2023-02-09,Thursday,15,11
1380,2023-02-10,Friday,18,13
1381,2023-02-11,Saturday,21,12
1382,2023-02-12,Sunday,23,8
1383,2023-02-13,Monday,21,6
1384,2023-02-14,Tuesday,19,13
1385,2023-02-15,Wednesday,21,13
1386,2023-02-16,Thursday,19,9
1387,2023-02-17,Friday,27,9
1388,2023-02-18,Saturday,22,8
1389,2023-02-19,Sunday,26,13
1390,2023-02-20,Monday,17,8
1391,2023-02-21,Tuesday,19,12
1392,2023-02-22,Wednesday,23,12
1393,2023-02-23,Thursday,24,9
1394,2023-02-24,Friday,24,13
1395,2023-02-25,Saturday,17,13
1396,2023-02-26,Sunday,23,10
1397,2023-02-27,Monday,21,12
1398,2023-02-28,Tuesday,18,9
1399,2023-03-01,Wednesday,23,14
1400,2023-03-02,Thursday,27,13
1401,2023-03-03,Friday,28,14
1402,2023-03-04,Saturday,21,15
1403,2023-03-05,Sunday,24,11
1404,2023-03-06,Monday,21,12
1405,2023-03-07,Tuesday,23,14
1406,2023-03-08,Wednesday,16,14
1407,2023-03-09,Thursday,23,14
1408,2023-03-10,Friday,25,14
1409,2023-03-11,Saturday,35,12
1410,2023-03-12,Sunday,25,14
1411,2023-03-13,Monday,23,20
1412,2023-03-14,Tuesday,26,14
1413,2023-03-15,Wednesday,22,13
1414,2023-03-16,Thursday,24,13
1415,2023-03-17,Friday,21,12
1416,2023-03-18,Saturday,20,12
1417,2023-03-19,Sunday,28,18
1418,2023-03-20,Monday,23,15
1419,2023-03-21,Tuesday,26,21
1420,2023-03-22,Wednesday,24,23
1421,2023-03-23,Thursday,26,11
1422,2023-03-24,Friday,20,11
1423,2023-03-25,Saturday,22,19
1424,2023-03-26,Sunday,21,17
1425,2023-03-27,Monday,25,13
1426,2023-03-28,Tuesday,24,14
1427,2023-03-29,Wednesday,27,13
1428,2023-03-30,Thursday,23,16
1429,2023-03-31,Friday,18,14
1430,2023-04-01,Saturday,25,10
1431,2023-04-02,Sunday,26,13
1432,2023-04-03,Monday,26,10
1433,2023-04-04,Tuesday,25,16
1434,2023-04-05,Wednesday,26,18
1435,2023-04-06,Thursday,21,11
1436,2023-04-07,Friday,22,14
1437,2023-04-08,Saturday,24,17
1438,2023-04-09,Sunday,23,10
1439,2023-04-10,Monday,25,21
1440,2023-04-11,Tuesday,22,19
1441,2023-04-12,Wednesday,22,12
1442,2023-04-13,Thursday,27,15
1443,2023-04-14,Friday,21,14
1444,2023-04-15,Saturday,24,12
1445,2023-04-16,Sunday,23,16
1446,2023-04-17,Monday,27,17
1447,2023-04-18,Tuesday,24,15
1448,2023-04-19,Wednesday,21,14
1449,2023-04-20,Thursday,21,11
1450,2023-04-21,Friday,22,13
1451,2023-04-22,Saturday,22,17
1452,2023-04-23,Sunday,28,15
1453,2023-04-24,Monday,27,17
1454,2023-04-25,Tuesday,21,12
1455,2023-04-26,Wednesday,24,16
1456,2023-04-27,Thursday,19,12
1457,2023-04-28,Friday,23,16
1458,2023-04-29,Saturday,26,16
1459,2023-04-30,Sunday,22,18
0,2023-05-01,Mon,22,15
1,2023-05-02,Tue,21,14
2,2023-05-03,Wed,25,14
3,2023-05-04,Thu,23,16
4,2023-05-05,Fri,20,16
5,2023-05-06,Sat,23,16
6,2023-05-07,Sun,27,15
7,2023-05-08,Mon,26,15
8,2023-05-09,Tue,21,16
9,2023-05-10,Wed,22,15
10,2023-05-11,Thu,20,14
11,2023-05-12,Fri,24,13
12,2023-05-13,Sat,23,13
13,2023-05-14,Sun,25,14
14,2023-05-15,Mon,26,15
15,2023-05-16,Tue,30,16
16,2023-05-17,Wed,26,15
17,2023-05-18,Thu,27,16
18,2023-05-19,Fri,26,17
19,2023-05-20,Sat,27,16
20,2023-05-21,Sun,25,17
21,2023-05-22,Mon,25,17
22,2023-05-23,Tue,24,17
23,2023-05-24,Wed,25,16
24,2023-05-25,Thu,25,17
25,2023-05-26,Fri,28,17
26,2023-05-27,Sat,27,19
27,2023-05-28,Sun,25,19
28,2023-05-29,Mon,26,19
29,2023-05-30,Tue,25,18
30,2023-05-31,Wed,23,16
31,2023-06-01,Thu,28,18
32,2023-06-02,Fri,24,17
33,2023-06-03,Sat,31,16
34,2023-06-04,Sun,30,18
35,2023-06-05,Mon,30,20
36,2023-06-06,Tue,30,20
37,2023-06-07,Wed,29,18
38,2023-06-08,Thu,30,20
39,2023-06-09,Fri,31,19
40,2023-06-10,Sat,31,20
41,2023-06-11,Sun,30,21
42,2023-06-12,Mon,30,20
43,2023-06-13,Tue,28,20
44,2023-06-14,Wed,30,19
45,2023-06-15,Thu,30,20
46,2023-06-16,Fri,31,21
47,2023-06-17,Sat,29,20
48,2023-06-18,Sun,27,18
49,2023-06-19,Mon,32,20
50,2023-06-20,Tue,32,20
51,2023-06-21,Wed,33,21
52,2023-06-22,Thu,34,23
53,2023-06-23,Fri,34,25
54,2023-06-24,Sat,35,24
55,2023-06-25,Sun,35,23
56,2023-06-26,Mon,34,24
57,2023-06-27,Tue,33,24
58,2023-06-28,Wed,35,23
59,2023-06-29,Thu,34,23
60,2023-06-30,Fri,33,23
61,2023-07-01,Sat,33,23
62,2023-07-02,Sun,34,23
63,2023-07-03,Mon,34,24
64,2023-07-04,Tue,35,24
65,2023-07-05,Wed,34,25
66,2023-07-06,Thu,37,26
67,2023-07-07,Fri,36,26
68,2023-07-08,Sat,33,22
69,2023-07-09,Sun,32,23
70,2023-07-10,Mon,35,21
71,2023-07-11,Tue,36,26
72,2023-07-12,Wed,38,25
73,2023-07-13,Thu,39,25
74,2023-07-14,Fri,39,26
75,2023-07-15,Sat,40,27
76,2023-07-16,Sun,36,28
77,2023-07-17,Mon,37,28
78,2023-07-18,Tue,38,29
79,2023-07-19,Wed,39,29
80,2023-07-20,Thu,38,28
81,2023-07-21,Fri,37,26
82,2023-07-22,Sat,39,30
83,2023-07-23,Sun,42,29
84,2023-07-24,Mon,39,26
85,2023-07-25,Tue,38,26
86,2023-07-26,Wed,40,27
87,2023-07-27,Thu,39,28
88,2023-07-28,Fri,34,25
89,2023-07-29,Sat,35,24
90,2023-07-30,Sun,34,24
91,2023-07-31,Mon,34,24
92,2023-08-01,Tue,36,26
93,2023-08-02,Wed,36,17
94,2023-08-03,Thu,36,16
95,2023-08-04,Fri,38,25
96,2023-08-05,Sat,38,27
97,2023-08-06,Sun,33,27
98,2023-08-07,Mon,36,24
99,2023-08-08,Tue,35,25
100,2023-08-09,Wed,33,25
101,2023-08-10,Thu,34,24
102,2023-08-11,Fri,31,24
103,2023-08-12,Sat,32,23
104,2023-08-13,Sun,31,25
105,2023-08-14,Mon,33,25
106,2023-08-15,Tue,36,24
107,2023-08-16,Wed,37,24
108,2023-08-17,Thu,36,25
109,2023-08-18,Fri,38,26
110,2023-08-19,Sat,38,26
111,2023-08-20,Sun,36,26
112,2023-08-21,Mon,37,29
113,2023-08-22,Tue,37,31
114,2023-08-23,Wed,37,29
115,2023-08-24,Thu,37,27
116,2023-08-25,Fri,36,26
117,2023-08-26,Sat,36,29
118,2023-08-27,Sun,35,26
119,2023-08-28,Mon,34,24
120,2023-08-29,Tue,34,24
121,2023-08-30,Wed,35,25
122,2023-08-31,Thu,32,25
123,2023-09-01,Fri,31,22
124,2023-09-02,Sat,33,20
125,2023-09-03,Sun,33,25
126,2023-09-04,Mon,30,21
127,2023-09-05,Tue,26,21
128,2023-09-06,Wed,26,12
129,2023-09-07,Thu,26,16
130,2023-09-08,Fri,28,23
131,2023-09-09,Sat,28,23
132,2023-09-10,Sun,28,23
133,2023-09-11,Mon,27,21
134,2023-09-12,Tue,30,20
135,2023-09-13,Wed,32,20
136,2023-09-14,Thu,31,20
137,2023-09-15,Fri,32,21
138,2023-09-16,Sat,33,21
139,2023-09-17,Sun,31,24
140,2023-09-18,Mon,28,23
141,2023-09-19,Tue,29,22
142,2023-09-20,Wed,31,20
143,2023-09-21,Thu,30,22
144,2023-09-22,Fri,32,21
145,2023-09-23,Sat,33,22
146,2023-09-24,Sun,32,21
147,2023-09-25,Mon,31,22
148,2023-09-26,Tue,29,20
149,2023-09-27,Wed,25,18
150,2023-09-28,Thu,28,20
151,2023-09-29,Fri,28,19
152,2023-09-30,Sat,28,19
153,2023-10-01,Sun,29,20
154,2023-10-02,Mon,27,20
155,2023-10-03,Tue,25,19
156,2023-10-04,Wed,27,17
157,2023-10-05,Thu,28,17
158,2023-10-06,Fri,29,17
159,2023-10-07,Sat,27,19
160,2023-10-08,Sun,28,17
161,2023-10-09,Mon,29,18
162,2023-10-10,Tue,28,18
163,2023-10-11,Wed,24,17
164,2023-10-12,Thu,25,16
165,2023-10-13,Fri,26,15
166,2023-10-14,Sat,27,18
167,2023-10-15,Sun,27,18
168,2023-10-16,Mon,28,19
169,2023-10-17,Tue,26,18
170,2023-10-18,Wed,25,18
171,2023-10-19,Thu,25,18
172,2023-10-20,Fri,27,19
173,2023-10-21,Sat,28,20
174,2023-10-22,Sun,28,20
175,2023-10-23,Mon,27,19
176,2023-10-24,Tue,28,19
177,2023-10-25,Wed,26,19
178,2023-10-26,Thu,26,21
179,2023-10-27,Fri,27,19
180,2023-10-28,Sat,30,20
181,2023-10-29,Sun,28,20
182,2023-10-30,Mon,27,18
183,2023-10-31,Tue,27,19
184,2023-11-01,Wed,27,19
185,2023-11-02,Thu,26,19
186,2023-11-03,Fri,28,18
187,2023-11-04,Sat,29,19
188,2023-11-05,Sun,26,18
189,2023-11-06,Mon,28,18
190,2023-11-07,Tue,27,18
191,2023-11-08,Wed,26,17
192,2023-11-09,Thu,23,17
193,2023-11-10,Fri,22,15
194,2023-11-11,Sat,26,16
195,2023-11-12,Sun,24,17
196,2023-11-13,Mon,23,15
197,2023-11-14,Tue,24,15
198,2023-11-15,Wed,24,17
199,2023-11-16,Thu,23,16
200,2023-11-17,Fri,23,15
201,2023-11-18,Sat,21,11
202,2023-11-19,Sun,16,10
203,2023-11-20,Mon,20,11
204,2023-11-21,Tue,20,12
205,2023-11-22,Wed,24,15
206,2023-11-23,Thu,25,17
207,2023-11-24,Fri,23,16
208,2023-11-25,Sat,21,13
209,2023-11-26,Sun,13,6
210,2023-11-27,Mon,15,6
211,2023-11-28,Tue,20,10
212,2023-11-29,Wed,22,16
213,2023-11-30,Thu,21,14
214,2023-12-01,Fri,23,14
215,2023-12-02,Sat,21,15
216,2023-12-03,Sun,22,17
217,2023-12-04,Mon,19,13
218,2023-12-05,Tue,18,13
219,2023-12-06,Wed,18,14
220,2023-12-07,Thu,17,13
221,2023-12-08,Fri,13,9
222,2023-12-09,Sat,13,8
223,2023-12-10,Sun,17,8
224,2023-12-11,Mon,16,11
225,2023-12-12,Tue,19,11
226,2023-12-13,Wed,21,11
227,2023-12-14,Thu,22,14
228,2023-12-15,Fri,21,17
229,2023-12-16,Sat,17,10
230,2023-12-17,Sun,11,8
231,2023-12-18,Mon,15,8
232,2023-12-19,Tue,21,8
233,2023-12-20,Wed,17,10
234,2023-12-21,Thu,16,11
235,2023-12-22,Fri,17,10
236,2023-12-23,Sat,19,10
237,2023-12-24,Sun,21,13
238,2023-12-25,Mon,19,11
239,2023-12-26,Tue,20,12
240,2023-12-27,Wed,19,11
241,2023-12-28,Thu,18,10
242,2023-12-29,Fri,18,11
243,2023-12-30,Sat,17,11
244,2023-12-31,Sun,16,10
245,2024-01-01,Mon,19,13
246,2024-01-02,Tue,17,12
247,2024-01-03,Wed,18,13
248,2024-01-04,Thu,19,13
249,2024-01-05,Fri,21,12
250,2024-01-06,Sat,20,12
251,2024-01-07,Sun,17,12
252,2024-01-08,Mon,18,11
253,2024-01-09,Tue,15,7
254,2024-01-10,Wed,9,5
255,2024-01-11,Thu,12,5
256,2024-01-12,Fri,11,7
257,2024-01-13,Sat,10,5
258,2024-01-14,Sun,15,4
259,2024-01-15,Mon,16,8
260,2024-01-16,Tue,20,12
261,2024-01-17,Wed,19,11
262,2024-01-18,Thu,20,13
263,2024-01-19,Fri,21,13
264,2024-01-20,Sat,18,11
265,2024-01-21,Sun,11,8
266,2024-01-22,Mon,9,8
267,2024-01-23,Tue,13,5
268,2024-01-24,Wed,13,6
269,2024-01-25,Thu,17,6
270,2024-01-26,Fri,16,8
271,2024-01-27,Sat,17,7
272,2024-01-28,Sun,11,6
273,2024-01-29,Mon,10,5
274,2024-01-30,Tue,8,4
275,2024-01-31,Wed,10,5
276,2024-02-01,Thu,13,5
277,2024-02-02,Fri,17,5
278,2024-02-03,Sat,15,8
279,2024-02-04,Sun,17,8
280,2024-02-05,Mon,20,9
281,2024-02-06,Tue,20,11
282,2024-02-07,Wed,19,12
283,2024-02-08,Thu,21,12
284,2024-02-09,Fri,20,11
285,2024-02-10,Sat,19,12
286,2024-02-11,Sun,18,15
287,2024-02-12,Mon,19,12
288,2024-02-13,Tue,17,11
289,2024-02-14,Wed,16,9
290,2024-02-15,Thu,12,8
291,2024-02-16,Fri,12,10
292,2024-02-17,Sat,15,9
293,2024-02-18,Sun,19,7
294,2024-02-19,Mon,18,8
295,2024-02-20,Tue,17,10
296,2024-02-21,Wed,15,10
297,2024-02-22,Thu,18,11
298,2024-02-23,Fri,22,12
299,2024-02-24,Sat,21,12
300,2024-02-25,Sun,22,13
301,2024-02-26,Mon,17,11
302,2024-02-27,Tue,19,13
303,2024-02-28,Wed,19,15
304,2024-02-29,Thu,21,15
305,2024-03-01,Fri,17,11
306,2024-03-02,Sat,18,10
307,2024-03-03,Sun,20,11
308,2024-03-04,Mon,21,10
309,2024-03-05,Tue,18,11
310,2024-03-06,Wed,20,11
311,2024-03-07,Thu,20,11
312,2024-03-08,Fri,18,10
313,2024-03-09,Sat,18,11
314,2024-03-10,Sun,19,11
315,2024-03-11,Mon,18,12
316,2024-03-12,Tue,22,12
317,2024-03-13,Wed,20,12
318,2024-03-14,Thu,20,10
319,2024-03-15,Fri,21,11
320,2024-03-16,Sat,20,12
321,2024-03-17,Sun,19,10
322,2024-03-18,Mon,22,9
323,2024-03-19,Tue,19,12
324,2024-03-20,Wed,15,8
325,2024-03-21,Thu,19,7
326,2024-03-22,Fri,19,9
327,2024-03-23,Sat,19,8
328,2024-03-24,Sun,21,10
329,2024-03-25,Mon,22,13
330,2024-03-26,Tue,20,14
331,2024-03-27,Wed,27,15
332,2024-03-28,Thu,26,15
333,2024-03-29,Fri,26,14
334,2024-03-30,Sat,25,13
335,2024-03-31,Sun,27,14
336,2024-04-01,Mon,25,14
337,2024-04-02,Tue,28,14
338,2024-04-03,Wed,27,15
339,2024-04-04,Thu,24,13
340,2024-04-05,Fri,27,14
341,2024-04-06,Sat,28,14
342,2024-04-07,Sun,26,15
343,2024-04-08,Mon,23,15
344,2024-04-09,Tue,26,15
345,2024-04-10,Wed,27,13
346,2024-04-11,Thu,25,16
347,2024-04-12,Fri,26,19
348,2024-04-13,Sat,28,18
349,2024-04-14,Sun,29,17
350,2024-04-15,Mon,31,17
351,2024-04-16,Tue,27,17
352,2024-04-17,Wed,28,17
353,2024-04-18,Thu,25,17
354,2024-04-19,Fri,24,13
355,2024-04-20,Sat,23,11
356,2024-04-21,Sun,23,13
357,2024-04-22,Mon,23,15
358,2024-04-23,Tue,24,18
359,2024-04-24,Wed,26,18
360,2024-04-25,Thu,24,15
361,2024-04-26,Fri,24,13
362,2024-04-27,Sat,25,14
363,2024-04-28,Sun,26,16
364,2024-04-29,Mon,26,17
365,2024-04-30,Tue,23,16
366,2024-05-01,Wed,26,17
367,2024-05-02,Thu,25,16
368,2024-05-03,Fri,25,17
369,2024-05-04,Sat,22,15
370,2024-05-05,Sun,24,14
371,2024-05-06,Mon,27,14
372,2024-05-07,Tue,28,16
373,2024-05-08,Wed,28,16
374,2024-05-09,Thu,24,18
375,2024-05-10,Fri,21,17
376,2024-05-11,Sat,24,16
377,2024-05-12,Sun,26,16
378,2024-05-13,Mon,28,16
379,2024-05-14,Tue,24,16
380,2024-05-15,Wed,24,15
381,2024-05-16,Thu,25,17
382,2024-05-17,Fri,21,17
